{
  "sku": "SKU_05",
  "mae": 350.2380065917969,
  "mse": 159667.8125,
  "rmse": 399.5845498764936,
  "mape": 53.6913703962986
}