{
  "mae": 224.16822814941406,
  "rmse": 256.8561706542969,
  "wape": 28.630966186523438
}