{
  "sku": "SKU_05",
  "mae": 327.65313720703125,
  "mse": 141722.53125,
  "rmse": 376.4605307997108,
  "mape": 52.421081154357005
}