{
  "sku": "SKU_05",
  "mae": 260.64813232421875,
  "mse": 92064.859375,
  "rmse": 303.4219164381505,
  "mape": 46.25263049850311
}