{
  "sku": "SKU_04",
  "mae": 1949.917236328125,
  "mse": 4221930.5,
  "rmse": 2054.7336810399543,
  "mape": 90.85820539703023
}