{
  "sku": "SKU_04",
  "mae": 1855.2176513671875,
  "mse": 3802743.5,
  "rmse": 1950.0624348979188,
  "mape": 88.24414503523036
}