{
  "sku": "SKU_04",
  "mae": 1950.1204833984375,
  "mse": 4234428.5,
  "rmse": 2057.7727036774495,
  "mape": 89.05650047732975
}