{
  "sku": "SKU_02",
  "mae": 52.01100158691406,
  "mse": 3388.428466796875,
  "rmse": 58.210209300404294,
  "mape": 19.379143513853045
}