{
  "sku": "SKU_02",
  "mae": 76.25928497314453,
  "mse": 6653.591796875,
  "rmse": 81.56955189821139,
  "mape": 25.71060440663413
}