{
  "mae": 27.024877548217773,
  "rmse": 34.8100700378418,
  "wape": 11.039735794067383
}