{
  "sku": "SKU_02",
  "mae": 40.01217269897461,
  "mse": 2196.85009765625,
  "rmse": 46.870567498764615,
  "mape": 16.124260588235625
}