{
  "sku": "SKU_01",
  "mae": 16.86165428161621,
  "mse": 349.2444152832031,
  "rmse": 18.688082172422163,
  "mape": 116.23704161669308
}