{
  "sku": "SKU_01",
  "mae": 15.4847993850708,
  "mse": 289.9115295410156,
  "rmse": 17.026788585667457,
  "mape": 113.1321725349026
}