{
  "sku": "SKU_01",
  "mae": 13.9296236038208,
  "mse": 223.42257690429688,
  "rmse": 14.947326747759844,
  "mape": 108.9064036205281
}