{
  "sku": "SKU_03",
  "mae": 4197.38916015625,
  "mse": 23083764.0,
  "rmse": 4804.556587240908,
  "mape": 38.06618597632124
}