{
  "sku": "SKU_03",
  "mae": 3361.140380859375,
  "mse": 17406582.0,
  "rmse": 4172.11960518871,
  "mape": 31.18193742179432
}