{
  "sku": "SKU_03",
  "mae": 3908.134033203125,
  "mse": 21313216.0,
  "rmse": 4616.623874651259,
  "mape": 35.487760016454274
}