{
  "mae": 2097.8642578125,
  "rmse": 2518.73388671875,
  "wape": 20.77356719970703
}